{"JavaScript":9.174999952316284,"PHP":45.34166657924652,"SQL":11.341666579246521,"HTML":28.34166669845581,"CSS":16.84166669845581,"SHELL":7.375,"情報システム基礎知識（その他）":6.208333253860474,"Laravel":8.375}