{"JavaScript":8.799999952316284,"PHP":44.96666657924652,"SQL":10.966666579246521,"HTML":21.46666669845581,"CSS":16.46666669845581,"SHELL":3.5,"情報システム基礎知識（その他）":5.833333253860474,"Laravel":8}